source	target	weight
ACVR1	BMPR1A	1.000000000000
CAMK1D	CAMK1G	1.000000000000
PIM2	PIM3	1.000000000000
CSNK1G1	CSNK1G3	0.965517241379
PHKG1	PHKG2	0.960000000000
CSNK1G2	CSNK1G3	0.933333333333
SGK2	SGK3	0.920000000000
CSNK1G1	CSNK1G2	0.903225806452
PRKAA1	PRKAA2	0.864864864865
IKBKE	TBK1	0.600000000000
CAMK2B	CAMK2D	0.586956521739
CAMK2D	CAMK2G	0.518518518519
ACVR1	TGFBR1	0.500000000000
ACVR1B	TGFBR1	0.500000000000
BMPR1A	TGFBR1	0.500000000000
CAMK2B	CAMK2G	0.500000000000
CLK1	CLK2	0.500000000000
MAP2K7	MAP3K4	0.500000000000
FGFR2	FGFR4	0.444444444444
PDK1	PDPK1	0.425000000000
PDK2	PDK3	0.400000000000
CSNK2A1	CSNK2A2	0.383986928105
ACVR1	BMPR1B	0.375000000000
BMPR1A	BMPR1B	0.375000000000
DAPK1	DAPK2	0.375000000000
ROCK1	ROCK2	0.363636363636
FLT3	FLT4	0.357142857143
MAP2K4	MAP2K7	0.352941176471
MAPK1	MAPK3	0.336787564767
ADRBK2	GRK4	0.333333333333
CAMK2A	CAMK2B	0.333333333333
CAMKK1	CAMKK2	0.333333333333
GRK4	GRK6	0.333333333333
ATM	PRKDC	0.322493224932
FGFR3	FGFR4	0.304347826087
SGK1	SGK3	0.300000000000
SGK1	SGK2	0.291139240506
RPS6KA1	RPS6KA2	0.287671232877
BRAF	MAP3K8	0.285714285714
DYRK3	RPS6KA4	0.285714285714
MAP2K3	MAP2K6	0.285714285714
PDGFRA	PDGFRB	0.285714285714
CSNK1D	CSNK1G3	0.274509803922
BMPR1B	TGFBR1	0.272727272727
MAP3K1	MAP3K2	0.272727272727
CAMK2A	CAMK2G	0.271929824561
CSNK1D	CSNK1G1	0.271844660194
CSNK1D	CSNK1G2	0.269230769231
MAP2K4	MAP3K4	0.266666666667
CDK2	GSK3B	0.265230312036
CAMK2A	CAMK2D	0.256880733945
CSNK1A1	CSNK1G1	0.252173913043
CAMK1	CAMK4	0.250000000000
GSK3B	MAPK14	0.245775729647
CSNK1A1	CSNK1G3	0.243478260870
ITK	TEC	0.241379310345
JAK1	TYK2	0.240000000000
CSNK1A1	CSNK1G2	0.239316239316
MAPK12	MAPK7	0.229166666667
ATM	ATR	0.223880597015
CAMK1	CAMK1D	0.222222222222
CAMK1	CAMK1G	0.222222222222
PIM1	PIM2	0.214285714286
PIM1	PIM3	0.214285714286
CDK1	GSK3B	0.213333333333
ADRBK1	GRK5	0.204545454545
CDK2	MAPK14	0.203770197487
ADRBK2	GRK6	0.200000000000
EIF2AK1	EIF2AK3	0.200000000000
GRK1	GRK4	0.200000000000
GRK4	GRK5	0.200000000000
CHUK	IKBKB	0.192307692308
FGFR2	FGFR3	0.190476190476
FGFR2	NTRK2	0.190476190476
CDC7	CDK7	0.187500000000
FGFR2	PDGFRA	0.181818181818
CSNK1A1	CSNK1D	0.179347826087
CDK4	CDK6	0.173913043478
CHEK1	CHEK2	0.172413793103
LYN	SYK	0.169696969697
CHUK	MAP3K14	0.166666666667
LIMK1	TESK1	0.166666666667
MAPKAPK3	MAPKAPK5	0.166666666667
BTK	TEC	0.162790697674
CDK1	MAPK14	0.158474576271
MAP2K2	MAP3K8	0.157894736842
AKT1	RPS6KA3	0.156957928803
FGFR4	NTRK2	0.153846153846
MAP2K3	MAP3K3	0.153846153846
CSNK1E	CSNK1G3	0.150537634409
CSNK1E	CSNK1G1	0.149732620321
BTK	ITK	0.148936170213
CSNK1E	CSNK1G2	0.148936170213
FGFR4	PDGFRA	0.148148148148
ADRBK2	GRK1	0.142857142857
ADRBK2	GRK5	0.142857142857
DAPK2	DAPK3	0.142857142857
EPHB1	PTK6	0.142857142857
GRK1	GRK6	0.142857142857
GRK5	GRK6	0.142857142857
MAP3K2	MAP3K8	0.142857142857
EGFR	MET	0.141732283465
PRKCD	PRKCZ	0.138686131387
MAP2K1	MAP2K2	0.136363636364
FER	FES	0.130434782609
PRKCE	PRKCH	0.130434782609
BRAF	RAF1	0.125000000000
CAMK1	PRKD1	0.125000000000
CHUK	IKBKE	0.125000000000
CSNK1A1L	CSNK1G3	0.125000000000
DAPK1	DAPK3	0.125000000000
DYRK2	IRAK1	0.125000000000
FGFR2	PDGFRB	0.125000000000
GSK3B	MAPK8	0.125000000000
IKBKE	MAP3K14	0.125000000000
MAP3K8	RAF1	0.125000000000
CSNK1A1L	CSNK1G1	0.121951219512
CDK2	MAPK8	0.120507399577
CSNK1A1L	CSNK1G2	0.119047619048
IRAK1	IRAK4	0.117647058824
FGFR4	JAK1	0.115384615385
RPS6KA4	RPS6KA5	0.114285714286
PRKCE	PRKCZ	0.112676056338
BRSK1	MARK3	0.111111111111
BRSK1	PLK3	0.111111111111
CAMK4	PRKD1	0.111111111111
GRK1	GRK5	0.111111111111
MAP2K2	MAP3K2	0.111111111111
MAP3K14	PRKCQ	0.111111111111
MARK3	PLK3	0.111111111111
CSNK1A1	CSNK1E	0.110701107011
FGFR4	PDGFRB	0.108108108108
CSNK1D	CSNK1E	0.107692307692
JAK1	JAK2	0.107692307692
PRKCA	PRKCB	0.107216494845
MARK1	PHKG2	0.107142857143
CDK1	MAPK8	0.107033639144
PRKCG	PRKCZ	0.105882352941
FGFR3	NTRK2	0.105263157895
MARK1	PHKG1	0.105263157895
RPS6KB1	RPS6KB2	0.103448275862
FGFR3	PDGFRA	0.102564102564
NTRK2	PDGFRA	0.102564102564
MAPK12	PKN1	0.101449275362
FYN	LYN	0.100401606426
CAMK1D	CAMKK2	0.100000000000
CAMK1G	CAMKK2	0.100000000000
EEF2K	MAPK11	0.100000000000
MAP3K11	MAP4K1	0.100000000000
MAP3K14	MAP3K7	0.100000000000
NEK6	PDK2	0.100000000000
PRKG1	PRKG2	0.100000000000
MAPK1	MAPK14	0.098623853211
FLT4	ZAP70	0.098039215686
PRKCB	PRKCG	0.096153846154
CSNK1E	CSNK2A2	0.095238095238
MAP2K1	MAP3K8	0.095238095238
TEC	TEK	0.095238095238
MTOR	PDPK1	0.094594594595
PRKCE	PRKCG	0.094594594595
PRKACA	RPS6KA3	0.092995169082
MAP2K1	MAPK3	0.092233009709
DAPK1	PLK3	0.090909090909
MAP3K1	MAP3K11	0.090909090909
MAP3K2	MAP3K3	0.090909090909
PRKCD	PRKCG	0.089655172414
MET	PTK2	0.089285714286
ATR	PRKDC	0.087248322148
CAMK1	CAMKK2	0.086956521739
CAMK4	DYRK3	0.086956521739
CHUK	TBK1	0.086956521739
PHKG2	PKN1	0.086206896552
PTK2	RET	0.085106382979
RPS6KA1	RPS6KA5	0.085106382979
PHKG1	PKN1	0.084745762712
FYN	LCK	0.084615384615
INSR	SRC	0.083665338645
BTK	LYN	0.083333333333
DYRK3	SGK2	0.083333333333
EPHA3	FGFR4	0.083333333333
FLT3	ZAP70	0.083333333333
MAP3K1	MAP3K3	0.083333333333
MAPKAPK2	MAPKAPK3	0.083333333333
BLK	LYN	0.081967213115
FGFR3	PDGFRB	0.081632653061
NTRK2	PDGFRB	0.081632653061
FGFR4	HCK	0.081081081081
EGFR	INSR	0.080985915493
RPS6KA1	RPS6KB1	0.080459770115
CDK2	MAPK9	0.080049261084
BLK	SYK	0.080000000000
LRRK2	ROCK2	0.080000000000
SYK	ZAP70	0.079646017699
ADRBK1	GRK4	0.078947368421
FGFR3	JAK1	0.078947368421
INSR	LCK	0.078947368421
AURKB	ROCK2	0.078125000000
FYN	SYK	0.077294685990
CAMK4	RPS6KA4	0.076923076923
DYRK3	RPS6KA2	0.076923076923
DYRK3	SGK3	0.076923076923
LCK	LYN	0.076923076923
PIM2	RPS6KA2	0.076923076923
PIM3	RPS6KA2	0.076923076923
IGF1R	INSR	0.075409836066
GSK3B	MAPK10	0.074108818011
EPHB1	PTK2	0.074074074074
MAPK10	MAPK9	0.074074074074
PAK1	PAK2	0.074074074074
RPS6KA4	SGK2	0.074074074074
PRKCQ	PRKCZ	0.073529411765
INSR	MET	0.073394495413
PRKCA	PRKCD	0.073305670816
RPS6KA3	SGK1	0.073170731707
CAMK2B	ROCK2	0.072727272727
PRKCB	RPS6KA3	0.072619047619
CAMK2D	ROCK2	0.071428571429
CHEK1	PLK3	0.071428571429
IKBKB	IKBKE	0.071428571429
MAP2K4	MAP3K11	0.071428571429
MAP3K1	MAP3K8	0.071428571429
PDK2	PDPK1	0.071428571429
ABL1	SRC	0.071078431373
MAPK8	MAPK9	0.070686070686
FGFR3	HCK	0.069767441860
CDK5	MAPK12	0.068965517241
CHUK	MAP3K7	0.068965517241
MAP2K3	MAP3K1	0.068965517241
PDK1	PDK2	0.068965517241
RPS6KA2	RPS6KA4	0.068965517241
RPS6KA4	SGK3	0.068965517241
CDK1	MAPK10	0.068427370948
ADRBK1	ADRBK2	0.068181818182
ADRBK1	GRK6	0.068181818182
IGF1R	SRC	0.067264573991
PRKCD	PRKCE	0.067164179104
FYN	INSR	0.067073170732
CHEK2	PLK3	0.066666666667
MAP3K14	TBK1	0.066666666667
MTOR	NEK6	0.066666666667
CAMKK2	STK11	0.065217391304
EGFR	SYK	0.065088757396
ABL1	ABL2	0.064516129032
MAP3K4	RET	0.064516129032
RPS6KA2	SGK3	0.063829787234
LYN	SRC	0.063636363636
AKT1	SGK1	0.063604240283
GSK3B	MAPK9	0.063360881543
PRKCA	RPS6KA3	0.063302752294
CAMK2G	ROCK2	0.062500000000
CAMK2G	RPS6KA4	0.062500000000
CAMKK1	STK11	0.062500000000
DAPK3	PIM1	0.062500000000
DYRK2	HIPK2	0.062500000000
MAP2K2	MAP3K1	0.062500000000
PRKCA	PRKCG	0.062500000000
EGFR	LCK	0.062222222222
PRKACA	PRKCA	0.062068965517
CSNK1A1	CSNK2A1	0.061776061776
CDK2	MAPK10	0.061425061425
MAPK10	MAPK8	0.061310782241
CDK7	CDK9	0.060606060606
EIF2AK1	EIF2AK2	0.060606060606
EIF2AK2	EIF2AK3	0.060606060606
FGFR4	RET	0.060606060606
ITK	JAK3	0.060606060606
CDK2	MAPK1	0.060204081633
AKT1	SGK3	0.060085836910
ADRBK1	GRK1	0.060000000000
MAPK14	MAPK3	0.059585492228
FYN	SRC	0.059574468085
GSK3B	MAPK1	0.059390048154
DYRK3	RPS6KA5	0.058823529412
MAP3K7	PRKCQ	0.058823529412
LCK	ZAP70	0.058479532164
MAP2K7	RET	0.057142857143
PRKCH	PRKD1	0.057142857143
PTK2	PTK6	0.057142857143
CDK2	MAPK3	0.056404230317
FGFR2	HCK	0.056338028169
PRKCG	PRKCQ	0.056338028169
INSR	LYN	0.056105610561
FGFR4	KIT	0.055555555556
FLT4	SYK	0.055555555556
MAP2K4	RET	0.055555555556
TXK	ZAP70	0.055555555556
MTOR	RPS6KA5	0.054545454545
RPS6KA2	RPS6KA5	0.054545454545
RPS6KA1	RPS6KA3	0.054409005629
PRKACA	PRKG1	0.054368932039
FGR	LYN	0.054263565891
CAMK2B	DYRK3	0.054054054054
CAMK2G	RPS6KA5	0.054054054054
IRAK1	RPS6KA5	0.054054054054
PIM1	RPS6KA2	0.054054054054
AURKB	ROCK1	0.053763440860
PDK3	PDPK1	0.053571428571
CAMK2A	MARK1	0.053435114504
CSNK1D	CSNK2A2	0.053278688525
LCK	SRC	0.053097345133
PRKCB	PRKCD	0.052845528455
ABL1	EGFR	0.052631578947
CAMK2D	DYRK3	0.052631578947
EGFR	HCK	0.052631578947
FGFR4	TYK2	0.052631578947
HIPK2	IRAK1	0.052631578947
MAP2K4	MAP2K6	0.052631578947
EGFR	PDGFRB	0.052238805970
FGFR4	JAK2	0.051724137931
PDK1	PDK3	0.051724137931
AKT1	SGK2	0.051502145923
CAMKK2	PRKAA1	0.051282051282
CSK	MAPK15	0.051282051282
GSK3A	MARK1	0.051282051282
PAK2	RPS6KB2	0.051282051282
MAPK3	MAPK9	0.050445103858
CAMK2B	RPS6KA4	0.050000000000
CAMKK2	PRKAA2	0.050000000000
DYRK1B	UHMK1	0.050000000000
KIT	TYK2	0.050000000000
MAP3K11	MAP3K5	0.050000000000
MARK1	PRKCD	0.049645390071
MAPK1	MAPK8	0.049612403101
FLT3	SYK	0.049382716049
PKN1	RPS6KB1	0.049180327869
CAMK2D	RPS6KA4	0.048780487805
CAMKK1	PRKAA1	0.048780487805
CDK1	MAPK9	0.048780487805
IKBKB	TBK1	0.048780487805
PRKCD	PRKCH	0.048780487805
IGF1R	LCK	0.048387096774
EGFR	PDGFRA	0.048000000000
AURKA	STK10	0.047619047619
BRAF	MAP2K2	0.047619047619
CAMKK1	PRKAA2	0.047619047619
DYRK1A	DYRK1B	0.047619047619
MAP2K1	MAP3K2	0.047619047619
MAP2K3	MAP2K4	0.047619047619
ABL1	LCK	0.047393364929
CSNK1E	CSNK2A1	0.047217537943
FYN	HCK	0.046948356808
CAMK2G	CAMK4	0.046875000000
LCK	SYK	0.046875000000
MAP2K2	MAPK3	0.046875000000
AKT1	RPS6KA1	0.046762589928
CAMK4	SGK2	0.046511627907
CSK	FGR	0.046511627907
CDK1	MAPK1	0.046168958743
FGFR1	FGFR2	0.045454545455
HCK	NTRK2	0.045454545455
EGFR	LYN	0.045248868778
HCK	PDGFRA	0.044943820225
CSNK1D	CSNK2A1	0.044747081712
CAMK4	RPS6KA2	0.044444444444
CAMK4	SGK3	0.044444444444
FGFR3	RET	0.044444444444
EGFR	FGFR4	0.044247787611
HCK	SYK	0.044117647059
CSNK1A1L	CSNK1D	0.043859649123
CAMK1	RPS6KA4	0.043478260870
CAMK2G	DYRK3	0.043478260870
EPHA3	JAK1	0.043478260870
FLT3	KIT	0.043478260870
RPS6KA2	SGK2	0.043478260870
HCK	LYN	0.043243243243
FGFR1	FGFR4	0.043010752688
FGFR3	JAK2	0.042857142857
GSK3B	RPS6KA3	0.042837078652
CAMK2A	PRKACA	0.042769857434
CAMK2A	CAMK4	0.042735042735
CHUK	PRKCQ	0.042553191489
CDK1	CDK2	0.042476601872
CDK5	GSK3B	0.042253521127
MAPK1	MAPK9	0.042194092827
ATR	CHEK2	0.041666666667
CAMK1	RPS6KB2	0.041666666667
EPHA3	FGFR3	0.041666666667
RPS6KA2	RPS6KB1	0.041666666667
CSNK1A1	CSNK2A2	0.041501976285
MAPK14	MAPK8	0.041489361702
GSK3B	MAPK3	0.041482789056
HCK	IGF1R	0.041450777202
PAK1	ROCK2	0.041095890411
PRKAA1	STK11	0.041095890411
MAPKAPK2	MAPKAPK5	0.040816326531
MAPK3	MAPK8	0.040697674419
FYN	IGF1R	0.040590405904
ERBB3	HCK	0.040540540541
PRKAA2	STK11	0.040540540541
HCK	PDGFRB	0.040404040404
RPS6KA2	RPS6KA3	0.040160642570
CAMK1D	CAMK4	0.040000000000
CAMK1G	CAMK4	0.040000000000
CSF1R	MAP4K1	0.040000000000
EGFR	FGFR3	0.040000000000
EIF2AK2	JAK1	0.040000000000
FGR	PTK2B	0.040000000000
HCK	SRC	0.039900249377
CDK5	PKN1	0.039735099338
BTK	HCK	0.039603960396
CAMK2A	PRKCD	0.039603960396
PAK1	ROCK1	0.039603960396
PRKCA	PRKCZ	0.039416058394
CSNK1A1	CSNK1A1L	0.039370078740
IKBKB	MAP3K14	0.039215686275
PTK2	SRC	0.039215686275
GSK3A	GSK3B	0.039117352056
PRKACA	RPS6KA1	0.038876889849
EGFR	SRC	0.038812785388
INSR	SYK	0.038610038610
BLK	FYN	0.038461538462
CAMK1	CAMKK1	0.038461538462
CSNK1A1L	VRK1	0.038461538462
FLT4	PDGFRA	0.038461538462
ILK	PRKD1	0.038461538462
PLK3	TTK	0.038461538462
MAPK1	MTOR	0.038235294118
FGFR1	FGFR3	0.038095238095
FGFR1	NTRK2	0.038095238095
BTK	LCK	0.037974683544
CAMK4	RPS6KA5	0.037735849057
FGFR1	PDGFRA	0.037735849057
MAP3K7	PRKCZ	0.037735849057
FGR	FYN	0.037500000000
MTOR	PDK1	0.037500000000
PDGFRB	ZAP70	0.037500000000
PTK2B	SYK	0.037500000000
SRC	SYK	0.037313432836
ALK	EPHA3	0.037037037037
CHEK1	MAPKAPK5	0.037037037037
DYRK2	MTOR	0.037037037037
LRRK2	ROCK1	0.037037037037
RPS6KA5	SGK1	0.037037037037
RPS6KA5	SGK2	0.037037037037
EGFR	FGFR2	0.036697247706
FES	HCK	0.036585365854
CHEK2	PRKDC	0.036363636364
SYK	YES1	0.036144578313
INSR	PDGFRB	0.036036036036
CAMK2B	CAMK4	0.035714285714
CAMK4	CAMKK2	0.035714285714
DAPK3	ILK	0.035714285714
JAK3	LCK	0.035714285714
MAP2K1	MAP3K1	0.035714285714
MAP3K1	MAP4K1	0.035714285714
MAPK11	MAPK7	0.035714285714
RPS6KA5	SGK3	0.035714285714
BTK	SRC	0.035422343324
CAMK2B	ROCK1	0.035294117647
MAPK14	MAPK9	0.035110533160
CAMK2B	SGK2	0.035087719298
CAMK2D	CAMK4	0.035087719298
MAP3K14	PRKCZ	0.035087719298
PAK2	RPS6KB1	0.035087719298
PRKAA1	RPS6KB1	0.035087719298
CAMK2D	ROCK1	0.034883720930
CSF1R	SYK	0.034883720930
AKT1	PRKCB	0.034482758621
BRSK1	CHEK1	0.034482758621
CAMK2D	SGK2	0.034482758621
CHEK1	MARK3	0.034482758621
EPHA3	RET	0.034482758621
FGFR1	PDGFRB	0.034482758621
FGFR2	RET	0.034482758621
JAK1	KIT	0.034482758621
MAP2K4	MAP3K5	0.034482758621
MAP3K1	RAF1	0.034482758621
MTOR	PIK3CA	0.034482758621
PRKCB	PRKCZ	0.034168564920
CHUK	RPS6KA1	0.034090909091
CAMK2B	RPS6KA2	0.033898305085
CAMK2B	SGK3	0.033898305085
JAK2	MAP3K8	0.033898305085
PRKACA	PRKCD	0.033663366337
CAMK2A	ROCK2	0.033613445378
AKT1	RPS6KA2	0.033472803347
CAMK2D	RPS6KA2	0.033333333333
CAMK2D	SGK3	0.033333333333
EEF2K	MAPK13	0.033333333333
FGFR3	KIT	0.033333333333
ILK	PAK1	0.033333333333
LRRK2	PRKCQ	0.033333333333
MET	RET	0.033333333333
RPS6KA1	SGK3	0.032967032967
CAMK1	CAMK2G	0.032786885246
NEK6	PDPK1	0.032786885246
INSR	PTK2	0.032407407407
CHEK1	DAPK1	0.032258064516
CSF1R	FGR	0.032258064516
CSF1R	FLT3	0.032258064516
FGFR3	TYK2	0.032258064516
ILK	ROCK2	0.032258064516
MAP2K7	MAP3K1	0.032258064516
MAPK12	MAPK13	0.032258064516
NEK6	RPS6KB1	0.032258064516
PLK1	PLK3	0.032258064516
PTK2B	ROCK1	0.032258064516
RPS6KA2	RPS6KB2	0.032258064516
CAMK2G	ROCK1	0.031914893617
ABL1	HCK	0.031847133758
LCK	PDGFRB	0.031847133758
PRKCB	SGK1	0.031779661017
BRAF	PDPK1	0.031746031746
CHEK2	TTK	0.031746031746
EGFR	NTRK2	0.031746031746
ILK	PDPK1	0.031746031746
MAP3K8	PDPK1	0.031746031746
NEK6	PDK1	0.031746031746
CDK2	RPS6KA3	0.031705227078
EGFR	FYN	0.031620553360
EGFR	FGFR1	0.031413612565
AKT1	PRKCA	0.031358885017
ALK	FGFR4	0.031250000000
BCR	CSNK1G3	0.031250000000
IKBKB	PLK1	0.031250000000
MAP2K4	MAP3K1	0.031250000000
MAP2K1	MAPK1	0.031073446328
CDK1	RPS6KA3	0.031014249790
AKT1	AKT2	0.030837004405
BRAF	PDK1	0.030769230769
EGFR	ERBB2	0.030769230769
IGF1R	SYK	0.030769230769
MAP3K8	PDK1	0.030769230769
PAK1	PAK3	0.030769230769
PRKCD	RPS6KB1	0.030534351145
BCR	CSNK1G1	0.030303030303
CAMK2G	SGK2	0.030303030303
CDK3	MAPK7	0.030303030303
CDK6	CSNK1G3	0.030303030303
CHUK	PRKCZ	0.030303030303
ILK	MTOR	0.030303030303
MAP2K6	RET	0.030303030303
MAPK11	MAPK13	0.030303030303
PRKCD	PRKCQ	0.030075187970
PDGFRB	SYK	0.030000000000
CAMK2B	PRKCE	0.029850746269
CAMK2B	RPS6KA5	0.029850746269
AKT2	ROCK2	0.029411764706
BCR	CSNK1G2	0.029411764706
BTK	SYK	0.029411764706
CAMK2D	PRKCE	0.029411764706
CAMK2D	RPS6KA5	0.029411764706
CAMK2G	RPS6KA2	0.029411764706
CAMK2G	SGK3	0.029411764706
CDK6	CSNK1G1	0.029411764706
MAP3K8	RET	0.029411764706
AKT1	PRKACA	0.029220779221
ABL1	YES1	0.029126213592
CDK1	MAPK3	0.028921023359
MAPK10	MTOR	0.028901734104
ABL1	TEC	0.028846153846
ATR	CHEK1	0.028846153846
CDK6	CSNK1G2	0.028571428571
CSF1R	INSR	0.028571428571
DAPK3	ROCK1	0.028571428571
DYRK2	RPS6KA5	0.028571428571
DYRK3	RPS6KA1	0.028571428571
FLT3	PDGFRA	0.028571428571
ILK	PRKCQ	0.028571428571
MAP2K3	RET	0.028571428571
MAP2K7	RPS6KB1	0.028571428571
MKNK1	RPS6KA5	0.028571428571
PIM2	RPS6KA1	0.028571428571
PIM3	RPS6KA1	0.028571428571
ABL1	INSR	0.028469750890
IGF1R	ZAP70	0.028409090909
IKBKB	RPS6KA1	0.028301886792
PRKDC	RPS6KA3	0.027972027972
PRKCA	PRKCE	0.027941176471
FYN	PDGFRB	0.027932960894
ABL1	ITK	0.027777777778
AKT2	RPS6KA2	0.027777777778
EIF2AK2	IKBKE	0.027777777778
FLT4	PDGFRB	0.027777777778
MAPK1	MAPK10	0.027777777778
PTK2	PTK2B	0.027777777778
MAPK10	MAPK14	0.027559055118
FGFR2	SYK	0.027397260274
RPS6KA1	RPS6KA4	0.027397260274
CDK5	PRKACA	0.027131782946
CAMK1D	PRKAA1	0.027027027027
CAMK1G	PRKAA1	0.027027027027
CSNK1G3	VRK1	0.027027027027
DAPK3	PRKD1	0.027027027027
LCK	PDGFRA	0.027027027027
CAMK2A	PRKG1	0.026666666667
SYK	TXK	0.026666666667
CAMK1D	PRKAA2	0.026315789474
CAMK1G	PRKAA2	0.026315789474
CAMK2G	PRKCE	0.026315789474
CDK9	EIF2AK2	0.026315789474
CLK1	RPS6KA5	0.026315789474
CSNK1G1	VRK1	0.026315789474
JAK2	RET	0.026315789474
MAPKAPK2	RPS6KA1	0.026315789474
PAK1	RPS6KA2	0.026315789474
PRKACA	PRKCB	0.026282853567
AKT1	PIM1	0.026086956522
CAMK1	CAMK2A	0.026086956522
PRKCA	PRKDC	0.025988700565
FGFR1	HCK	0.025806451613
EGFR	IGF1R	0.025751072961
AURKB	PAK2	0.025641025641
BCR	CSNK1A1	0.025641025641
CAMK2D	CAMK2B	0.025641025641
CSNK1G2	VRK1	0.025641025641
EGFR	ZAP70	0.025641025641
ERBB2	NTRK1	0.025641025641
FGFR4	SYK	0.025641025641
PRKCE	RPS6KB2	0.025641025641
HCK	LCK	0.025510204082
PRKACA	RPS6KA5	0.025345622120
ABL1	FYN	0.025316455696
PDPK1	RPS6KA2	0.025316455696
PLK1	TTK	0.025316455696
PRKAA1	PRKACA	0.025287356322
MAPK1	MAPK12	0.025280898876
CSNK1A1L	CSNK1E	0.025252525253
MAPK12	MAPK9	0.025252525253
PRKAA2	PRKACA	0.025229357798
CDK1	CDK5	0.025179856115
PRKACA	SGK1	0.025052192067
AURKB	CAMK2B	0.025000000000
CAMK2D	CAMK2D	0.025000000000
DYRK3	SGK1	0.025000000000
EEF2K	MAPK12	0.025000000000
HCK	JAK2	0.025000000000
HCK	TYK2	0.025000000000
PRKAA1	RPS6KB2	0.025000000000
PRKD1	ROCK2	0.025000000000
AKT1	RPS6KB1	0.024896265560
ATM	CHEK2	0.024822695035
CAMK2A	PHKG2	0.024793388430
EGFR	YES1	0.024793388430
RET	SRC	0.024793388430
AURKB	CAMK2D	0.024691358025
PIM1	RPS6KA1	0.024691358025
CAMK2G	PRKACA	0.024663677130
ABL1	BTK	0.024590163934
CAMK2A	PHKG1	0.024590163934
CAMK2A	RPS6KA2	0.024590163934
IGF1R	LYN	0.024390243902
ILK	PRKCE	0.024390243902
KIT	PDGFRB	0.024390243902
MAPK3	MAPK7	0.024390243902
PRKAA2	RPS6KB2	0.024390243902
CSF1R	EGFR	0.024193548387
FGR	SYK	0.024096385542
RPS6KA4	SGK1	0.024096385542
ABL1	LYN	0.024038461538
MAPK3	MTOR	0.024038461538
MAP2K2	MAPK1	0.024024024024
PRKCD	PRKD1	0.024000000000
BTK	JAK2	0.023809523810
CAMK2B	RPS6KB2	0.023809523810
CSF1R	PTK2	0.023809523810
CSNK1G1	DYRK1A	0.023809523810
DAPK3	ROCK2	0.023809523810
PRKAA1	RAF1	0.023809523810
MAPK14	RPS6KA3	0.023701002735
ATR	PLK3	0.023529411765
AURKA	AURKB	0.023529411765
PRKACA	RPS6KA2	0.023419203747
ALK	JAK1	0.023255813953
BRSK1	PKN1	0.023255813953
CAMK2D	RPS6KB2	0.023255813953
CAMK2G	PRKG1	0.023255813953
MAPK11	MAPK12	0.023255813953
MARK3	PKN1	0.023255813953
PKN1	PLK3	0.023255813953
PRKAA2	RAF1	0.023255813953
AURKB	PRKG1	0.023121387283
JAK2	MAP2K1	0.022988505747
PRKG1	RPS6KA3	0.022950819672
PHKG2	PRKCD	0.022900763359
INSR	RET	0.022831050228
ALK	FGFR3	0.022727272727
CAMK2B	ILK	0.022727272727
EIF2AK2	MAP3K14	0.022727272727
PHKG1	PRKCD	0.022727272727
IGF1R	TXK	0.022556390977
AURKB	CAMK2G	0.022471910112
CAMK4	RPS6KA1	0.022471910112
HCK	JAK1	0.022471910112
JAK2	LCK	0.022471910112
CAMK2A	RPS6KA3	0.022413793103
PRKCA	PRKCH	0.022388059701
PRKG1	ROCK1	0.022346368715
CAMK2D	ILK	0.022222222222
FGFR3	SYK	0.022222222222
FLT3	PDGFRB	0.022222222222
JAK1	RET	0.022222222222
MAP3K1	RPS6KB1	0.022222222222
NTRK2	SYK	0.022222222222
RPS6KA1	SGK2	0.022222222222
CSNK1G3	CSNK2A1	0.022075055188
CSNK1G1	CSNK2A1	0.022026431718
CSNK1G2	CSNK2A1	0.021978021978
PDGFRA	SYK	0.021978021978
AKT1	CDK2	0.021905805038
CSF1R	LYN	0.021897810219
AKT1	GSK3B	0.021885521886
CDK5	MAPK8	0.021881838074
ATR	PLK1	0.021739130435
HIPK2	RPS6KA5	0.021739130435
NTRK2	RET	0.021739130435
PDGFRB	YES1	0.021739130435
ABL1	EPHB1	0.021505376344
ALK	HCK	0.021505376344
LYN	NTRK2	0.021428571429
PRKCD	RPS6KA5	0.021428571429
MET	SRC	0.021390374332
AURKA	CDK9	0.021276595745
BRSK1	CHEK2	0.021276595745
CHEK2	MARK3	0.021276595745
FLT3	LCK	0.021276595745
ILK	PKN1	0.021276595745
MET	PTK2B	0.021276595745
PDGFRA	RET	0.021276595745
LCK	YES1	0.021126760563
HCK	RET	0.021052631579
MAPK10	MAPK3	0.020958083832
CSNK1G3	CSNK2A2	0.020881670534
CAMK2G	RPS6KA3	0.020872865275
CAMK2D	CAMK2G	0.020833333333
CAMK2G	PAK1	0.020833333333
CSNK1G1	CSNK2A2	0.020833333333
PHKG2	RPS6KB1	0.020833333333
PRKCB	PRKCE	0.020833333333
CSNK1G2	CSNK2A2	0.020785219400
CSF1R	IGF1R	0.020689655172
RPS6KA1	SGK1	0.020689655172
SRC	ZAP70	0.020565552699
PRKACA	PRKACB	0.020522388060
CDK1	PLK1	0.020512820513
JAK2	SRC	0.020512820513
ADRBK1	AKT2	0.020408163265
ALK	RET	0.020408163265
CHEK2	DAPK1	0.020408163265
ITK	LCK	0.020408163265
MTOR	RPS6KB1	0.020408163265
PHKG1	RPS6KB1	0.020408163265
PRKCB	PRKDC	0.020408163265
PRKCQ	ROCK2	0.020408163265
PRKG1	RPS6KA1	0.020408163265
PKN1	PRKACA	0.020361990950
CAMK4	SGK1	0.020202020202
CAMK2A	ROCK1	0.020134228188
AKT1	RPS6KA5	0.020000000000
AURKA	VRK1	0.020000000000
CAMK1	PRKCE	0.020000000000
CAMK1	RPS6KA5	0.020000000000
CDK7	PRKG2	0.020000000000
CDK9	GSK3A	0.020000000000
CHEK2	PLK1	0.020000000000
MKNK1	PRKCG	0.020000000000
PRKCE	PRKD1	0.020000000000
AKT1	PRKAA1	0.019920318725
MAP2K1	MAPK14	0.019877675841
LYN	PDGFRB	0.019867549669
ABL1	PTK6	0.019801980198
CAMK2A	DYRK3	0.019801980198
PRKAA1	RPS6KA1	0.019801980198
CDK2	CDK5	0.019680196802
AKT1	MAPK8	0.019642857143
ATR	TTK	0.019607843137
CAMK1	PAK2	0.019607843137
CAMK1	PRKAA1	0.019607843137
CAMK2D	CAMK2A	0.019607843137
CAMK2G	RPS6KB2	0.019607843137
MAPKAPK2	MOS	0.019607843137
PRKCQ	RPS6KB1	0.019607843137
RPS6KA2	SGK1	0.019607843137
ABL1	FES	0.019417475728
CAMK2B	RPS6KA1	0.019417475728
CSNK2A2	TAF1	0.019417475728
RPS6KA3	RPS6KA5	0.019379844961
CAMK1	PRKAA2	0.019230769231
CAMK2A	RPS6KA4	0.019230769231
CAMK2D	RPS6KA1	0.019230769231
DAPK3	PRKCE	0.019230769231
HCK	INSR	0.018939393939
CAMK1	CAMK2B	0.018867924528
CAMK2B	PRKD1	0.018867924528
CAMK2G	ILK	0.018867924528
CHUK	EIF2AK2	0.018867924528
CSF1R	MET	0.018867924528
DAPK3	PAK2	0.018867924528
FGFR1	ITK	0.018867924528
GSK3B	MAPK12	0.018811881188
PRKACA	PRKG2	0.018735362998
PRKACA	SGK3	0.018648018648
BTK	IGF1R	0.018633540373
CAMK1	CAMK2D	0.018518518519
CAMK2D	PRKD1	0.018518518519
ILK	PRKCZ	0.018518518519
INSR	PDGFRA	0.018518518519
ABL1	IGF1R	0.018433179724
FES	FYN	0.018404907975
CSNK2A1	TAF1	0.018390804598
PAK1	PDK1	0.018348623853
CAMK2B	PRKG1	0.018292682927
FYN	YES1	0.018292682927
AURKB	VRK1	0.018181818182
CAMK2B	DAPK3	0.018181818182
CAMK2D	PRKG1	0.018181818182
EPHA3	JAK2	0.018181818182
PAK1	PIM2	0.018181818182
PAK1	PIM3	0.018181818182
PRKCE	ROCK2	0.018181818182
MAPK12	PRKACA	0.018140589569
MAPK12	MAPK3	0.018099547511
CAMK2A	RPS6KA1	0.018072289157
GSK3B	MAPK13	0.017982017982
CDK5	MAPK9	0.017921146953
CAMK2D	DAPK3	0.017857142857
CAMK2G	RPS6KA1	0.017857142857
CDC42BPA	MAPKAPK2	0.017857142857
ERBB2	PDGFRB	0.017857142857
PAK2	ROCK2	0.017857142857
PKN1	PRKD1	0.017857142857
CAMK2B	SGK1	0.017699115044
RPS6KA3	SGK3	0.017681728880
CDK7	CSNK2A1	0.017582417582
ABL1	PTK2	0.017543859649
CAMK2D	SGK1	0.017543859649
IRAK1	PRKCD	0.017543859649
JAK2	TXK	0.017543859649
PDGFRB	RET	0.017543859649
PHKG2	PRKAA1	0.017543859649
RPS6KA5	RPS6KB1	0.017543859649
CDK4	MAPK1	0.017492711370
PRKCD	RPS6KB2	0.017391304348
AURKA	PRKACB	0.017341040462
CAMK2B	RPS6KA3	0.017307692308
CAMK2D	RPS6KA3	0.017274472169
CAMK2A	PRKCA	0.017264276228
CAMK2G	PAK3	0.017241379310
DAPK3	PKN1	0.017241379310
JAK2	MAP3K2	0.017241379310
MAP2K7	MAPK9	0.017241379310
PHKG1	PRKAA1	0.017241379310
PHKG2	PRKAA2	0.017241379310
PRKAA1	RPS6KA2	0.017241379310
PRKACA	PRKDC	0.017107309487
EGFR	KIT	0.017094017094
ILK	PRKCD	0.017094017094
CDK7	EIF2AK2	0.016949152542
EGFR	TYK2	0.016949152542
PHKG1	PRKAA2	0.016949152542
PRKAA2	RPS6KA2	0.016949152542
PRKAA2	RPS6KB1	0.016949152542
PRKCE	PRKCQ	0.016949152542
SRC	YES1	0.016901408451
PRKCD	RPS6KA3	0.016863406408
AKT1	DAPK3	0.016806722689
ADRBK1	ROCK2	0.016666666667
CDC42BPA	ROCK1	0.016666666667
ILK	ROCK1	0.016666666667
MAPK12	PHKG2	0.016666666667
PAK1	RPS6KA1	0.016666666667
PDPK1	PIK3CA	0.016666666667
PRKCB	PRKCH	0.016666666667
GSK3B	PRKACA	0.016654598117
FGFR3	SRC	0.016620498615
PRKCA	PRKG1	0.016581632653
CAMK2A	SGK2	0.016528925620
CSNK2A1	PRKDC	0.016516516517
BTK	FYN	0.016393442623
CAMK2G	SGK1	0.016393442623
JAK2	KIT	0.016393442623
MAPK12	PHKG1	0.016393442623
MAPK12	RPS6KB1	0.016393442623
PKN1	ROCK2	0.016393442623
PLK1	STK10	0.016393442623
INSR	ZAP70	0.016326530612
CAMK2A	SGK3	0.016260162602
CDK5	CDK9	0.016260162602
PDPK1	RPS6KA1	0.016260162602
CSK	SRC	0.016172506739
CAMK2G	PRKD1	0.016129032258
FGFR2	LYN	0.016129032258
JAK2	TYK2	0.016129032258
MAP2K1	RET	0.016129032258
MARK1	RPS6KB1	0.016129032258
PDK1	PIK3CA	0.016129032258
ABL1	MET	0.016000000000
CAMK2A	PRKCB	0.016000000000
CDK1	MAPK13	0.015957446809
AKT2	ROCK1	0.015873015873
CHEK1	PKN1	0.015873015873
LYN	TXK	0.015873015873
MELK	STK11	0.015873015873
PRKCZ	PRKD1	0.015873015873
CAMK2D	PRKACA	0.015837104072
AKT1	PRKAA2	0.015810276680
MARK1	PRKACA	0.015801354402
PRKG2	RPS6KA3	0.015748031496
AKT1	MAPK9	0.015706806283
MAPK8	RPS6KA3	0.015681544029
CAMK2G	DAPK3	0.015625000000
CAMKK1	PDPK1	0.015625000000
IKBKB	RPS6KB1	0.015625000000
JAK2	MAP2K2	0.015625000000
PDPK1	RAF1	0.015625000000
CDK4	MAPK14	0.015600624025
FGFR4	LYN	0.015503875969
AURKB	DAPK3	0.015384615385
CHUK	GSK3A	0.015384615385
DAPK3	PRKCZ	0.015384615385
MAPK13	PKN1	0.015384615385
AKT1	PRKCD	0.015290519878
CAMK2A	PRKCE	0.015267175573
CAMK2A	RPS6KA5	0.015267175573
IGF1R	MERTK	0.015267175573
CDK2	CDK4	0.015256588072
CHEK1	PRKDC	0.015209125475
CAMKK1	PDK1	0.015151515152
DYRK3	PRKG1	0.015151515152
ILK	PDK1	0.015151515152
JAK2	JAK3	0.015151515152
LYN	PTK2B	0.015151515152
PAK1	PIM1	0.015151515152
PDK1	RAF1	0.015151515152
ATM	RPS6KA3	0.015109890110
CDK2	CDK7	0.015109890110
ATM	CHEK1	0.014981273408
CDK5	MAPK10	0.014981273408
CDK2	MAP2K1	0.014925373134
ERBB3	IGF1R	0.014925373134
ATM	CSNK2A1	0.014903129657
CAMK2A	PRKDC	0.014836795252
LYN	YES1	0.014814814815
PRKG1	RPS6KA4	0.014814814815
AKT1	PAK1	0.014760147601
LYN	TEC	0.014705882353
MAP2K2	PDPK1	0.014705882353
PRKCZ	ROCK2	0.014705882353
CAMK2A	PKN1	0.014598540146
FGFR4	LCK	0.014598540146
MAP3K1	MAPK3	0.014563106796
FER	INSR	0.014492753623
MAPK1	MAPK7	0.014492753623
FLT4	SRC	0.014450867052
IKBKB	PRKDC	0.014388489209
ABL1	ZAP70	0.014285714286
ITK	LYN	0.014285714286
MAP2K2	PDK1	0.014285714286
PAK1	PRKD1	0.014285714286
PRKCZ	RPS6KA2	0.014285714286
PRKCZ	RPS6KB1	0.014285714286
ABL1	JAK2	0.014184397163
CDK5	RPS6KB1	0.014184397163
FGFR3	LYN	0.014184397163
FER	SRC	0.014164305949
PTK2B	SRC	0.014164305949
CAMK2G	PRKDC	0.014134275618
CDK7	GSK3A	0.014084507042
EIF2AK2	IKBKB	0.014084507042
FLT3	SRC	0.014084507042
LYN	PDGFRA	0.014084507042
PAK2	PRKCD	0.014084507042
PKN1	PRKCE	0.014084507042
MAPK1	RPS6KA5	0.014044943820
FGFR1	SRC	0.014018691589
IGF1R	JAK3	0.013986013986
PRKACA	SGK2	0.013986013986
PRKACA	RPS6KB1	0.013921113689
AURKB	CAMK2A	0.013888888889
DAPK3	PAK1	0.013888888889
INSR	NTRK2	0.013888888889
JAK2	MAP3K1	0.013888888889
MAPKAPK2	RPS6KA2	0.013888888889
PDGFRA	ZAP70	0.013888888889
PRKCG	RPS6KB1	0.013888888889
PRKCG	SGK3	0.013888888889
CAMK2D	PRKCD	0.013793103448
MAPK3	RPS6KA5	0.013761467890
RPS6KA3	SGK2	0.013752455796
CSF1R	LCK	0.013698630137
IKBKE	RPS6KA1	0.013698630137
LYN	RET	0.013698630137
MAP3K5	PDPK1	0.013698630137
CDC7	CSNK2A1	0.013667425968
CDK5	MAPK1	0.013636363636
PAK3	PRKACB	0.013605442177
PKN1	PRKCD	0.013605442177
CAMK2B	PRKACA	0.013574660633
AKT1	PIM2	0.013513513514
AKT1	PIM3	0.013513513514
CAMK2B	PKN1	0.013513513514
EPHA3	HCK	0.013513513514
IGF1R	ITK	0.013513513514
MAPK12	MARK1	0.013513513514
PRKG2	ROCK1	0.013513513514
PLK1	PRKDC	0.013468013468
FGFR3	LCK	0.013422818792
ALK	JAK2	0.013333333333
CAMK2D	PKN1	0.013333333333
MAP3K5	PDK1	0.013333333333
PAK1	SGK2	0.013333333333
RPS6KA1	RPS6KB2	0.013333333333
CAMK4	PRKG1	0.013245033113
ALK	IGF1R	0.013157894737
ERBB2	JAK2	0.013157894737
HCK	TXK	0.013157894737
MARK1	PKN1	0.013157894737
PRKG1	ROCK2	0.013157894737
PRKG1	SGK2	0.013157894737
PTK2	ROCK1	0.013157894737
AKT1	PRKDC	0.013100436681
PRKACA	ROCK1	0.013100436681
CAMK2G	PRKCD	0.013071895425
ERBB2	LCK	0.013071895425
CDC42BPA	RPS6KA1	0.012987012987
PAK1	SGK3	0.012987012987
PRKG1	RPS6KA2	0.012987012987
PRKG1	SGK3	0.012987012987
CSNK2A1	PRKCA	0.012879484821
CAMK2G	PAK2	0.012820512821
CSNK1D	PDPK1	0.012820512821
FYN	TXK	0.012820512821
MAP4K1	SYK	0.012820512821
PRKCQ	ROCK1	0.012820512821
PRKCZ	RPS6KA5	0.012820512821
FGFR1	SYK	0.012738853503
AXL	HCK	0.012658227848
CHEK1	PRKACB	0.012658227848
CSNK1D	PDK1	0.012658227848
AKT1	CAMK2A	0.012578616352
CSK	LCK	0.012578616352
EGFR	JAK2	0.012578616352
ABL1	SYK	0.012500000000
AKT2	RPS6KA1	0.012500000000
CDK5	GSK3A	0.012500000000
PDPK1	RPS6KB1	0.012500000000
PAK1	PRKCD	0.012422360248
CAMK2B	PRKCZ	0.012345679012
CHEK2	PKN1	0.012345679012
FER	FYN	0.012345679012
FYN	PTK2B	0.012345679012
MAP3K14	RPS6KA1	0.012345679012
PRKG1	RPS6KA5	0.012345679012
AKT1	MTOR	0.012295081967
PRKCA	SGK1	0.012228260870
CAMK2D	PRKCZ	0.012195121951
FLT3	FYN	0.012195121951
HCK	PTK2B	0.012195121951
IGF1R	MET	0.012195121951
PDK1	RPS6KA2	0.012195121951
PDK1	RPS6KB1	0.012195121951
CAMK2B	PRKCG	0.012048192771
CAMK2G	PKN1	0.012048192771
PRKAA1	PRKACB	0.011976047904
ATR	MAPKAPK5	0.011904761905
CLK1	SGK1	0.011904761905
PKN1	PRKCZ	0.011904761905
PRKAA2	PRKACB	0.011904761905
CAMK2B	PRKACB	0.011834319527
CSNK1A1	PDPK1	0.011834319527
AKT1	CAMK2B	0.011764705882
CAMK1	PRKACA	0.011764705882
HCK	YES1	0.011764705882
PAK1	PRKCE	0.011764705882
PAK2	ROCK1	0.011764705882
AKT1	CAMK2D	0.011718750000
RPS6KA3	RPS6KB1	0.011718750000
CSNK1A1	PDK1	0.011695906433
FGFR3	FYN	0.011695906433
LYN	ZAP70	0.011695906433
MAP3K4	MAPK9	0.011695906433
MAPK11	MAPK9	0.011695906433
JAK2	LYN	0.011627906977
AKT1	IKBKB	0.011583011583
CAMK2D	PRKCA	0.011510791367
MET	ROCK1	0.011494252874
AKT1	PRKG1	0.011461318052
FGFR4	SRC	0.011396011396
CAMK2B	PRKCB	0.011389521640
CAMK2G	PRKCA	0.011379800853
AKT1	CAMK2G	0.011363636364
ATR	DAPK1	0.011363636364
CAMK2B	PAK1	0.011363636364
CHEK2	PRKACB	0.011363636364
CSNK1A1	PRKDC	0.011331444759
CAMK2A	SGK1	0.011299435028
MAP2K2	MAPK9	0.011299435028
ADRBK1	ROCK1	0.011235955056
CAMK2D	PAK1	0.011235955056
CAMK2G	PRKACB	0.011235955056
CSNK1A1L	CSNK2A1	0.011185682327
CSNK1G3	MAPK10	0.011173184358
CDK1	SGK1	0.011152416357
AKT2	SGK1	0.011111111111
CAMK2G	PRKCZ	0.011111111111
CSNK1G1	MAPK10	0.011111111111
IGF1R	JAK2	0.011111111111
PKN1	ROCK1	0.011111111111
CSNK1G2	MAPK10	0.011049723757
PRKACA	PRKCZ	0.011037527594
ATR	CDC7	0.010989010989
ATR	VRK1	0.010989010989
PAK1	PKN1	0.010989010989
CDK2	MAPK13	0.010958904110
CAMK2B	PRKDC	0.010909090909
CSNK2A1	RPS6KA3	0.010893246187
CAMK2D	PRKDC	0.010869565217
CSNK1A1	SYK	0.010869565217
GSK3A	MAPK1	0.010869565217
MAPK10	RPS6KA5	0.010869565217
PAK1	PRKACA	0.010869565217
ATM	PRKCB	0.010819165379
CSNK2A2	PRKDC	0.010819165379
MAP3K1	MAPK9	0.010810810811
MAPK14	RPS6KA5	0.010670731707
MAPK10	MAPK12	0.010638297872
PDPK1	PKN1	0.010638297872
CDK1	MTOR	0.010610079576
MAPK12	MAPK14	0.010606060606
PRKCB	RPS6KA1	0.010593220339
CDK1	PRKCB	0.010591350397
BCR	CSNK1E	0.010582010582
DYRK2	MAPK3	0.010582010582
PRKCQ	RPS6KA1	0.010526315789
MAP2K1	MAPK8	0.010471204188
MAPK12	MAPK8	0.010471204188
ABL1	ERBB3	0.010416666667
ABL1	ERBB4	0.010416666667
CDK7	RPS6KA1	0.010416666667
CSNK1E	TAF1	0.010416666667
IRAK1	MAPK3	0.010416666667
PDK1	PKN1	0.010416666667
RET	SYK	0.010416666667
MAP3K2	MAPK3	0.010362694301
MAP3K8	MAPK3	0.010256410256
ATR	CSNK1A1L	0.010204081633
AURKB	PAK1	0.010204081633
PAK1	PRKCZ	0.010204081633
PRKCA	PRKCQ	0.010204081633
MAPK3	PRKCD	0.010169491525
MAPK14	PRKCA	0.010132501949
AURKA	PLK1	0.010101010101
CAMK2B	PRKCA	0.010071942446
EIF2AK2	RPS6KA1	0.010000000000
MAPK14	SGK1	0.009971509972
ATM	PRKCA	0.009966777409
FLT1	INSR	0.009950248756
FYN	ZAP70	0.009950248756
MAP2K1	MAPK9	0.009950248756
ATM	PLK1	0.009933774834
CSK	HCK	0.009900990099
FYN	JAK2	0.009900990099
MAPK8	PLK1	0.009900990099
PDPK1	PRKCZ	0.009900990099
PRKCE	RPS6KA1	0.009900990099
GSK3B	MAP2K1	0.009813542689
PDK1	PRKCZ	0.009708737864
PRKAA2	RPS6KA1	0.009708737864
PRKACA	RPS6KA4	0.009661835749
FGFR1	LYN	0.009615384615
GSK3A	MAPK9	0.009615384615
PRKG1	SGK1	0.009615384615
ABL1	JAK3	0.009523809524
FLT3	INSR	0.009523809524
INSR	NTRK1	0.009478672986
INSR	YES1	0.009478672986
CDK5	MAPK14	0.009446693657
BCR	CSNK1D	0.009433962264
CAMK2A	RPS6KB2	0.009433962264
CSNK1D	PIK3CA	0.009433962264
CSNK1A1L	CSNK2A2	0.009411764706
PRKCB	ROCK2	0.009367681499
PRKCZ	RPS6KA3	0.009363295880
CDK2	GSK3A	0.009358288770
CDK6	CSNK1D	0.009345794393
CAMK4	PRKACA	0.009302325581
MAPK14	MAPK7	0.009287925697
PRKACA	ROCK2	0.009280742459
PRKCB	PRKCQ	0.009280742459
CAMK2A	ILK	0.009259259259
FGFR1	LCK	0.009259259259
PAK1	PDPK1	0.009259259259
PHKG2	PRKACA	0.009259259259
MAPK14	MTOR	0.009244992296
PAK1	RPS6KA3	0.009242144177
PHKG1	PRKACA	0.009237875289
ATM	CSNK2A2	0.009202453988
ATR	CDK7	0.009174311927
ATR	CSNK1G3	0.009174311927
BMPR1B	CSNK1D	0.009174311927
EIF2AK2	PRKCB	0.009174311927
ATR	CSNK1G1	0.009090909091
CAMKK1	CSNK1D	0.009090909091
CAMK2D	PRKCB	0.009070294785
ERBB2	INSR	0.009049773756
IKBKB	MAPK14	0.009036144578
PKN1	PRKCB	0.009029345372
ATR	CSNK1G2	0.009009009009
CSNK1D	VRK1	0.009009009009
AKT1	DYRK3	0.008968609865
CSNK2A2	IKBKB	0.008928571429
DYRK2	PRKCD	0.008928571429
EIF2AK1	PRKCD	0.008928571429
EIF2AK3	PRKCD	0.008928571429
GRK4	PRKCD	0.008928571429
CSNK2A2	RPS6KA3	0.008918617614
CAMK2G	PRKCB	0.008908685969
AKT1	RPS6KA4	0.008849557522
CAMK1D	PRKCD	0.008849557522
CAMK1G	PRKCD	0.008849557522
FGFR1	RET	0.008849557522
CSNK1D	PRKDC	0.008797653959
PRKCA	ROCK2	0.008784773060
EGFR	ERBB3	0.008771929825
EGFR	ERBB4	0.008771929825
PRKCZ	RPS6KA1	0.008771929825
BTK	INSR	0.008695652174
EGFR	KDR	0.008695652174
EGFR	TEK	0.008695652174
PAK2	PRKCA	0.008645533141
ABL2	EGFR	0.008620689655
CSNK1D	GRK1	0.008620689655
CSNK1D	GRK5	0.008620689655
PRKCG	RPS6KA1	0.008620689655
CAMK2A	PRKACB	0.008583690987
CAMK2A	PRKD1	0.008547008547
CSNK1A1	LYN	0.008510638298
CSNK1E	PRKCB	0.008488964346
ADRBK2	PRKCD	0.008474576271
BLK	EGFR	0.008474576271
GRK6	PRKCD	0.008474576271
GSK3B	SGK1	0.008474576271
CSNK2A2	PRKCA	0.008419083255
AKT1	CDK1	0.008412197687
CAMK2A	DAPK3	0.008403361345
CDC7	CDK2	0.008391608392
CSNK2A1	PRKCB	0.008373205742
PRKCD	PRKG1	0.008368200837
CDK5	DYRK2	0.008333333333
CDK6	CSNK1A1	0.008333333333
AKT1	MAPK14	0.008284023669
AKT1	CAMK4	0.008264462810
BTK	FGFR1	0.008264462810
CSNK1D	TGFBR2	0.008264462810
HCK	ZAP70	0.008264462810
JAK1	SRC	0.008264462810
CDK5	RPS6KA3	0.008250825083
PDGFRA	SRC	0.008219178082
ABL1	PDGFRB	0.008196721311
EGFR	FES	0.008196721311
EGFR	FGR	0.008196721311
MAP2K2	PRKCD	0.008196721311
PLK3	PRKDC	0.008163265306
MAPK7	MAPK8	0.008152173913
CCNB1	CDK1	0.008141112619
CDK5	IRAK1	0.008130081301
HIPK2	PRKCD	0.008130081301
CAMK2A	RPS6KB1	0.008064516129
CSNK1A1	VRK1	0.008064516129
GRK1	PRKCD	0.008064516129
GRK5	PRKCD	0.008064516129
LYN	WEE1	0.008064516129
ATM	PLK3	0.008032128514
CSNK1A1	MAP2K7	0.008000000000
CSNK1A1	NEK9	0.008000000000
PDGFRB	SRC	0.008000000000
AKT2	RPS6KA3	0.007984031936
PIM1	RPS6KA3	0.007952286282
CDK5	RAF1	0.007936507937
PDK1	RPS6KA1	0.007936507937
PRKCG	SGK1	0.007936507937
CDK2	CSNK2A1	0.007915567282
CSNK1D	MAPK10	0.007905138340
CAMK1	PRKCD	0.007874015748
DAPK3	RPS6KA3	0.007858546169
CAMK4	RPS6KA3	0.007827788650
CDK1	MAP2K1	0.007812500000
CSNK1A1	DYRK1A	0.007812500000
EGFR	JAK1	0.007812500000
MAPK10	RPS6KA3	0.007800312012
CSNK1A1	GRK5	0.007751937984
DAPK3	PRKCD	0.007751937984
LYN	MAP4K1	0.007751937984
CSNK1A1	PRKCB	0.007707129094
ATM	PRKACA	0.007656967841
PRKAA1	RPS6KA3	0.007648183556
MAPK9	RPS6KA3	0.007645259939
AKT1	STK11	0.007633587786
CDK5	HIPK2	0.007633587786
PAK1	SGK1	0.007633587786
PRKAA2	RPS6KA3	0.007633587786
PRKDC	TTK	0.007633587786
PRKDC	PRKG2	0.007604562738
IGF1R	WEE1	0.007575757576
PRKCD	ROCK2	0.007575757576
IKBKB	RPS6KA3	0.007561436673
ATM	TTK	0.007518796992
CSNK1A1	MAPK10	0.007518796992
EGFR	PTK2	0.007518796992
EPHA3	LCK	0.007518796992
FGFR2	LCK	0.007518796992
LYN	PTK6	0.007518796992
PIK3CG	PRKG1	0.007518796992
PRKG1	STK10	0.007518796992
ATM	PRKG2	0.007490636704
GSK3A	MAPK14	0.007473841555
CDK7	PRKDC	0.007462686567
CSNK1G3	PRKDC	0.007462686567
EGFR	RET	0.007462686567
FLT4	IGF1R	0.007462686567
FLT4	LCK	0.007462686567
PRKCD	SGK3	0.007462686567
CSNK1G1	PRKDC	0.007434944238
CSNK1A1	MAP3K1	0.007407407407
CSNK1G2	PRKDC	0.007407407407
ERBB4	IGF1R	0.007407407407
IGF1R	MST1R	0.007407407407
LCK	TXK	0.007407407407
PRKCA	PRKD1	0.007363770250
ATM	CDK7	0.007352941176
CAMK2A	MAPK12	0.007352941176
IGF1R	KDR	0.007352941176
ABL2	IGF1R	0.007299270073
ACVR1B	PRKACB	0.007299270073
ADRBK1	CAMK2A	0.007299270073
NME2	PRKACB	0.007246376812
CDK2	PRKCB	0.007200720072
ADRBK1	CSNK1D	0.007194244604
ADRBK1	PRKDC	0.007194244604
CSK	EGFR	0.007194244604
CSNK1A1	RPS6KA2	0.007194244604
CSNK1A1	RPS6KB1	0.007194244604
KIT	LCK	0.007194244604
MAP3K7	PRKG1	0.007194244604
GRK1	PRKCB	0.007142857143
IGF1R	TYK2	0.007142857143
LCK	TYK2	0.007142857143
PRKACB	TGFBR1	0.007142857143
PRKG1	VRK1	0.007142857143
CSNK2A1	PRKACA	0.007134363853
CSNK1D	IKBKB	0.007092198582
EIF2AK2	PRKCD	0.007092198582
IGF1R	PTK2B	0.007092198582
AURKB	PRKCA	0.007072135785
CSNK1E	PRKDC	0.007058823529
AKT2	PRKG1	0.007042253521
BMPR1B	PRKACB	0.007042253521
BTK	EGFR	0.007042253521
PRKCA	ROCK1	0.007012622721
FLT3	IGF1R	0.006993006993
MAP3K7	PRKACB	0.006993006993
PRKAA1	PRKCD	0.006993006993
CDK5	MAPK13	0.006944444444
IGF1R	NTRK1	0.006944444444
KIT	PRKACB	0.006944444444
PRKAA2	PRKCD	0.006944444444
CDK7	PRKCB	0.006928406467
CSNK1G3	PRKCB	0.006928406467
ATM	CAMK2G	0.006920415225
CSNK1G1	PRKCB	0.006912442396
CAMK2A	PRKCZ	0.006896551724
CAMK2B	PRKCD	0.006896551724
CDK5	CDK7	0.006896551724
CSNK1G2	PRKCB	0.006896551724
IGF1R	TEC	0.006896551724
MAPK1	PRKCD	0.006896551724
ERBB2	LYN	0.006849315068
MAP2K1	PRKCD	0.006849315068
MAPK12	PRKCD	0.006849315068
PRKCB	RPS6KA5	0.006849315068
PRKDC	ROCK1	0.006849315068
GSK3B	PKN1	0.006835937500
PAK1	PRKDC	0.006825938567
ADRBK1	PRKCD	0.006802721088
CAMK2A	MAPKAPK2	0.006802721088
CAMK2A	PRKCG	0.006802721088
CSNK1D	PRKCZ	0.006802721088
CSNK2A1	VRK1	0.006787330317
PAK2	PRKACA	0.006772009029
CDK2	MAPK12	0.006729475101
ADRBK1	PRKACA	0.006711409396
GRK5	PRKACB	0.006711409396
IGF1R	JAK1	0.006711409396
IKBKB	PRKCD	0.006711409396
JAK1	LCK	0.006711409396
GSK3A	PRKCB	0.006681514477
GSK3B	PRKCA	0.006678809957
CDK5	RPS6KA5	0.006666666667
FGFR3	IGF1R	0.006666666667
LCK	NTRK2	0.006666666667
AURKB	PRKCB	0.006651884701
MAPK8	PRKCB	0.006648936170
CSNK1A1	MAP2K1	0.006622516556
CSNK2A1	MAPK14	0.006616257089
ADRBK1	CSNK1A1	0.006578947368
CAMK1	PRKACB	0.006578947368
CAMK2A	PAK1	0.006578947368
CSK	LYN	0.006578947368
MAPK8	PRKCD	0.006578947368
PRKCB	ROCK1	0.006564551422
FYN	WEE1	0.006493506494
IGF1R	PTK2	0.006493506494
GSK3B	PRKCB	0.006470165349
AKT1	ATM	0.006451612903
CDK5	MARK1	0.006451612903
IGF1R	RET	0.006451612903
LCK	RET	0.006451612903
CSNK2A2	PLK1	0.006410256410
FLT4	FYN	0.006410256410
ERBB4	FYN	0.006369426752
FYN	MST1R	0.006369426752
PRKACB	ROCK2	0.006369426752
CSNK2A1	GSK3B	0.006346967560
AURKA	CDK5	0.006329113924
CDK6	MAPK14	0.006329113924
CDK7	PRKG1	0.006329113924
CSNK1A1	GSK3A	0.006329113924
MAPK11	MAPK14	0.006319115324
PHKG1	PRKACB	0.006289308176
MAP2K2	MAPK14	0.006259780908
CDK7	PRKACB	0.006172839506
EIF2AK2	PRKG1	0.006172839506
FYN	TYK2	0.006172839506
AKT1	CSNK2A1	0.006125574273
EPHB2	FYN	0.006097560976
PAK2	PRKG1	0.006097560976
DYRK2	MAPK1	0.006079027356
MAPK10	UHMK1	0.006060606061
RPS6KA3	RPS6KA4	0.006048387097
RPS6KA3	RPS6KB2	0.006036217304
IRAK1	MAPK1	0.006024096386
PRKACB	PRKCE	0.005988023952
MAP3K8	MAPK1	0.005970149254
MAPK1	RAF1	0.005970149254
CDK4	GSK3B	0.005958291956
ADRBK1	PRKG1	0.005952380952
PAK2	PRKACB	0.005952380952
CSNK1E	MAPK10	0.005934718101
CDK5	ROCK1	0.005917159763
CSF1R	FYN	0.005917159763
CSNK1D	PRKCB	0.005917159763
EEF2K	MAPK9	0.005917159763
AURKA	PRKG1	0.005847953216
CAMK2D	PRKACB	0.005847953216
CCNB1	MAPK9	0.005847953216
FYN	JAK1	0.005847953216
CHEK1	RPS6KA3	0.005825242718
PRKCA	RPS6KA2	0.005822416303
ATM	CAMK2A	0.005813953488
PRKCQ	RPS6KA3	0.005802707930
FYN	PDGFRA	0.005780346821
MAP3K1	MAPK1	0.005763688761
EPHB1	SRC	0.005747126437
MAPK10	MAPK7	0.005747126437
PRKCE	RPS6KA3	0.005736137667
PAK2	RPS6KA3	0.005725190840
ADRBK1	PRKCA	0.005714285714
MAPK9	VRK1	0.005714285714
PRKCD	PRKDC	0.005714285714
PKN1	PRKCA	0.005706134094
ERBB2	FYN	0.005681818182
PRKCZ	PRKG1	0.005681818182
IRAK1	MAPK8	0.005665722380
ATM	PRKCD	0.005649717514
CDK3	MAPK9	0.005649717514
CDK7	MAPK1	0.005649717514
KIT	SRC	0.005649717514
MAP2K4	MAPK9	0.005649717514
MAPK11	MAPK8	0.005649717514
PRKCD	RPS6KA1	0.005617977528
PTK6	SRC	0.005617977528
CDK2	CDK6	0.005610098177
MAPK8	VRK1	0.005602240896
PRKCG	RPS6KA3	0.005576208178
ATM	CSNK1A1	0.005571030641
PDPK1	PRKCA	0.005571030641
CDK2	MAP2K2	0.005555555556
MAP2K2	MAPK8	0.005555555556
PDK1	PRKCA	0.005555555556
HIPK2	MAPK8	0.005540166205
CSF1R	SRC	0.005524861878
PDPK1	RPS6KA3	0.005494505495
AKT1	MAPK1	0.005484460695
GSK3B	PRKCD	0.005474452555
PRKCA	RPS6KA1	0.005471956224
ATR	CSNK1D	0.005464480874
CSNK1A1	RPS6KA1	0.005464480874
PAK1	PRKG1	0.005464480874
CSNK1A1	GSK3B	0.005449591281
EIF2AK2	MAPK10	0.005434782609
CSNK2A1	LYN	0.005415162455
PRKDC	PRKG1	0.005390835580
PDPK1	PRKG1	0.005376344086
PRKACB	ROCK1	0.005376344086
AKT1	MAPK10	0.005361930295
CHUK	MAPK9	0.005347593583
PAK1	PRKACB	0.005347593583
ATM	PRKG1	0.005333333333
CDK7	MAPK8	0.005333333333
PDK1	PRKG1	0.005319148936
PRKCD	SGK1	0.005319148936
CDK1	MAPK7	0.005298013245
PLK1	PRKG1	0.005291005291
MAPK8	RPS6KA5	0.005263157895
MAPK9	RPS6KB1	0.005263157895
CDK1	CDK7	0.005256241787
CDK6	CSNK1E	0.005235602094
MAPK13	MAPK9	0.005208333333
CDK1	MAPK12	0.005194805195
IKBKB	MAPK8	0.005167958656
CSNK1E	VRK1	0.005128205128
GSK3A	MAPK8	0.005115089514
CDK2	PRKCA	0.005109489051
ATR	CSNK1A1	0.005102040816
CDK2	SGK1	0.005089058524
CSNK1E	MAP3K14	0.005050505051
ROCK1	SRC	0.005050505051
PAK1	SRC	0.005037783375
PRKACB	PRKCA	0.005018820577
HIPK2	MAPK3	0.004975124378
MAPK8	PDPK1	0.004962779156
GSK3B	MAPK7	0.004955401388
FLT4	INSR	0.004950495050
ERBB3	INSR	0.004926108374
PRKACB	RPS6KA1	0.004926108374
CSNK1G2	GSK3B	0.004916420846
CSNK2A2	PRKCB	0.004901960784
GSK3B	MARK1	0.004878048780
INSR	MAP4K1	0.004878048780
AXL	INSR	0.004854368932
DYRK3	PRKACA	0.004842615012
BLK	INSR	0.004830917874
INSR	KIT	0.004830917874
MOS	PRKACA	0.004830917874
BCKDK	CSNK2A2	0.004819277108
CSNK2A2	IKBKE	0.004819277108
ILK	PRKCB	0.004819277108
ABL1	CDK5	0.004807692308
MAPK8	RPS6KA1	0.004807692308
INSR	PTK2B	0.004784688995
CSNK2A2	VRK1	0.004761904762
EPHB2	INSR	0.004761904762
PRKACA	VRK1	0.004761904762
AURKB	MAPK9	0.004739336493
FES	INSR	0.004739336493
FGR	INSR	0.004739336493
CSNK2A2	MAP3K14	0.004728132388
CDK3	MAPK14	0.004694835681
DAPK3	PRKCB	0.004694835681
MAPK13	MAPK3	0.004672897196
CDK7	MAPK3	0.004651162791
PRKCB	RPS6KA2	0.004640371230
PRKCB	RPS6KB1	0.004640371230
PRKCB	SGK3	0.004640371230
CHUK	CSNK2A2	0.004629629630
MAPK13	PRKCB	0.004618937644
FGFR1	IGF1R	0.004608294931
INSR	JAK1	0.004608294931
MAPK14	RPS6KA2	0.004601226994
CSNK1D	GSK3B	0.004591368228
FGFR3	INSR	0.004587155963
CDK7	MAPK14	0.004580152672
MAPK13	PRKACA	0.004576659039
CDK7	CSNK2A2	0.004566210046
CSNK1E	PAK2	0.004566210046
CSNK2A1	IKBKE	0.004566210046
PAK2	PRKCB	0.004545454545
PRKAA1	PRKCB	0.004545454545
PRKAA2	PRKCB	0.004535147392
CSNK2A2	EIF2AK2	0.004524886878
MAPK9	PDPK1	0.004524886878
CSNK2A1	MAP2K7	0.004504504505
ADRBK1	CSNK1E	0.004484304933
CAMK2B	MAPK3	0.004484304933
CSNK2A1	MAP3K14	0.004484304933
ADRBK1	CSNK2A2	0.004464285714
AKT1	CLK2	0.004464285714
CAMK2D	MAPK3	0.004464285714
CSNK2A1	GRK5	0.004464285714
ILK	PRKCA	0.004464285714
MAP3K7	PRKCA	0.004464285714
AKT2	PRKCA	0.004444444444
AKT1	BRSK1	0.004424778761
GRK1	PRKCA	0.004424778761
AKT1	CLK1	0.004405286344
AKT1	IRAK1	0.004405286344
AKT1	STK4	0.004405286344
CAMK1	PRKCA	0.004405286344
CDK5	PRKCD	0.004405286344
IKBKB	MAPK3	0.004405286344
CHUK	CSNK2A1	0.004395604396
DAPK3	PRKCA	0.004392386530
AKT1	RPS6KB2	0.004385964912
AURKB	PRKACA	0.004385964912
CHEK2	CSNK1E	0.004385964912
CSK	INSR	0.004385964912
AKT1	DYRK1B	0.004366812227
PRKCA	SGK3	0.004360465116
PAK1	PRKCB	0.004357298475
AKT1	RAF1	0.004347826087
GSK3A	MAPK3	0.004329004329
MAPK10	SGK1	0.004329004329
CAMK2G	MAPK3	0.004310344828
MAPK14	RPS6KA1	0.004310344828
CSNK2A1	EIF2AK2	0.004301075269
CDK1	PRKCA	0.004294917681
AURKB	MAPK3	0.004291845494
PDK1	PRKACA	0.004273504274
IKBKB	PRKCA	0.004267425320
CSNK1E	GSK3B	0.004262574595
MAPK3	MAPKAPK2	0.004255319149
ADRBK1	CSNK2A1	0.004246284501
CSNK2A1	IKBKB	0.004228329810
CSNK2A1	GSK3A	0.004192872117
PAK1	PRKCA	0.004189944134
AKT1	PRKD1	0.004184100418
FGFR1	FYN	0.004184100418
JAK2	MAPK3	0.004184100418
CSNK2A2	RPS6KA1	0.004175365344
CSNK1E	PDK1	0.004115226337
CDK2	MAPK7	0.004109589041
AKT1	PRKG2	0.004098360656
CSNK1A1	LCK	0.004098360656
MAPK9	SGK1	0.004098360656
MAPKAPK5	PRKDC	0.004098360656
PRKACB	PRKCD	0.004098360656
CDK2	MTOR	0.004092769441
MAPK3	PDK1	0.004081632653
AKT1	CHEK1	0.004065040650
CDK2	CSNK1G2	0.004065040650
DYRK3	RPS6KA3	0.004048582996
PIM2	RPS6KA3	0.004048582996
PIM3	RPS6KA3	0.004048582996
ATM	MAPKAPK5	0.004032258065
CDK9	PRKDC	0.004032258065
DAPK1	PRKDC	0.004032258065
NEK6	PRKDC	0.004032258065
CDK1	MAP2K7	0.004026845638
CDK6	GSK3B	0.004024144869
INSR	JAK2	0.004016064257
CDK3	GSK3B	0.004000000000
CSNK2A1	RPS6KA1	0.003984063745
PRKDC	VRK1	0.003984063745
ATM	CDK9	0.003968253968
ATM	DAPK1	0.003968253968
CSNK2A1	SYK	0.003968253968
CSNK2A2	MAPK8	0.003957783641
PRKDC	PTK2B	0.003952569170
ATM	ILK	0.003937007874
CSNK1G3	GSK3B	0.003937007874
MAP3K14	PRKDC	0.003937007874
CSNK1G1	GSK3B	0.003933136676
CAMK1	RPS6KA3	0.003929273084
PAK3	PRKDC	0.003921568627
CDK1	RPS6KA5	0.003911342894
GRK1	PRKDC	0.003906250000
GRK5	PRKDC	0.003906250000
MAPK3	RPS6KA1	0.003906250000
ATR	CSNK2A1	0.003883495146
ATM	MAP3K14	0.003875968992
CDK1	IKBKB	0.003875968992
CSNK1A1L	PRKDC	0.003875968992
MAPK14	PRKCB	0.003868471954
ATM	HIPK2	0.003861003861
ATM	PAK3	0.003861003861
CSNK2A2	MAPK14	0.003853564547
MAPK14	PRKACA	0.003853564547
ATM	GRK5	0.003846153846
INSR	MAPK1	0.003816793893
MAPK10	PRKCD	0.003816793893
MAPK7	PRKDC	0.003802281369
CDK1	PDPK1	0.003797468354
AKT1	CHEK2	0.003787878788
ATM	PRKCH	0.003787878788
PRKDC	ROCK2	0.003787878788
PRKACB	PRKG1	0.003773584906
CSNK1A1	FYN	0.003759398496
ATR	CSNK1E	0.003745318352
CHEK2	RPS6KA3	0.003745318352
AURKB	RPS6KA3	0.003724394786
PRKCB	PRKG1	0.003724394786
AKT1	PRKCG	0.003717472119
CDK5	FYN	0.003717472119
ATM	MTOR	0.003703703704
ROCK1	RPS6KA3	0.003683241252
MAPK1	RPS6KA3	0.003667481663
PRKDC	RPS6KA5	0.003649635036
PDK1	RPS6KA3	0.003642987250
AKT1	PDPK1	0.003610108303
MAPK12	PRKDC	0.003597122302
AKT1	PDK1	0.003584229391
MARK1	PRKDC	0.003584229391
CDK2	PRKACA	0.003574620197
CSNK1A1	MAPK9	0.003571428571
ATM	CAMK2B	0.003558718861
ATM	CAMK2D	0.003546099291
ADRBK1	ATM	0.003533568905
CDK1	CSNK1A1	0.003533568905
CSNK1E	PRKCA	0.003533568905
ATM	IKBKB	0.003508771930
FGFR1	INSR	0.003508771930
GSK3A	PRKDC	0.003508771930
MAPK9	PRKCB	0.003496503497
CDK1	PRKACA	0.003493449782
AURKB	PRKDC	0.003484320557
CAMK2A	MAPK3	0.003484320557
ATM	GSK3A	0.003460207612
MAPK8	PRKDC	0.003395585739
ATM	MAPK8	0.003372681282
MAPK3	PRKCB	0.003367003367
ATM	PAK1	0.003355704698
CSNK2A2	MAPK3	0.003344481605
CSNK2A1	MAPK9	0.003338898164
ATM	PDPK1	0.003322259136
ATM	PDK1	0.003300330033
CDK5	MAPK3	0.003278688525
PRKDC	RPS6KA1	0.003225806452
DYRK3	MAPK14	0.003169572108
AKT1	CSNK2A2	0.003164556962
MAPK14	RPS6KA4	0.003154574132
CSNK1E	PRKACB	0.003125000000
PRKDC	SGK1	0.003125000000
CAMK4	MAPK14	0.003076923077
MAPK14	SGK2	0.003072196621
MAPK14	SGK3	0.003062787136
MAPK13	MAPK14	0.003053435115
CAMK2B	MAPK14	0.003012048193
CAMK2D	MAPK14	0.003007518797
CDK6	MAPK1	0.003003003003
GSK3B	MAP2K2	0.002994011976
MAPK1	MAPK11	0.002994011976
CAMK2G	MAPK14	0.002971768202
KIT	PRKCA	0.002967359050
GSK3B	PHKG2	0.002961500494
GSK3B	PHKG1	0.002958579882
GSK3B	RPS6KB1	0.002958579882
MAP3K14	PRKCA	0.002954209749
CDK7	GSK3B	0.002949852507
PIM1	PRKCA	0.002949852507
MAPK3	RPS6KA3	0.002945508100
HIPK2	MAPK1	0.002932551320
CHUK	PRKCA	0.002915451895
GSK3B	IKBKB	0.002915451895
PRKCA	SGK2	0.002911208151
PRKCA	RPS6KB1	0.002902757620
CDK7	PRKCA	0.002890173410
ATM	CSNK1D	0.002881844380
SRC	WEE1	0.002873563218
PRKCA	RPS6KA5	0.002869440459
EPHA3	SRC	0.002865329513
FGFR2	SRC	0.002865329513
DYRK2	MAPK8	0.002849002849
ERBB3	SRC	0.002849002849
ERBB4	SRC	0.002849002849
SRC	TXK	0.002849002849
CHEK1	MAPK1	0.002840909091
EEF2K	MAPK8	0.002840909091
MAPK1	RET	0.002832861190
CHEK2	PRKCA	0.002828854314
CDK6	MAPK8	0.002824858757
GSK3A	PRKCA	0.002824858757
CDK9	MAPK8	0.002816901408
SRC	TYK2	0.002808988764
CDK2	CDK9	0.002793296089
EPHB2	SRC	0.002793296089
CDK5	PRKDC	0.002785515320
PAK3	SRC	0.002785515320
NTRK1	SRC	0.002777777778
CDK2	UHMK1	0.002770083102
ATM	CDK5	0.002754820937
CAMK2A	GSK3B	0.002754820937
CAMK2A	MAPK14	0.002747252747
NTRK2	SRC	0.002732240437
IKBKB	MAPK1	0.002724795640
CDK2	CSNK1G3	0.002713704206
ALK	SRC	0.002710027100
CDK2	CSNK1G1	0.002710027100
MAPK14	PRKCD	0.002710027100
CDK1	MAP3K4	0.002695417790
ATR	PRKCA	0.002680965147
AURKB	MAPK1	0.002680965147
MAPK8	MTOR	0.002680965147
MAPK8	RPS6KA2	0.002680965147
CDK2	CSNK2A2	0.002678571429
CDK1	MAP2K2	0.002673796791
MAPK1	MAPKAPK2	0.002666666667
MAPK13	MAPK8	0.002666666667
CSNK1G2	MAPK8	0.002645502646
JAK2	MAPK1	0.002638522427
MAPK14	PRKG1	0.002635046113
CSNK2A1	MAPK1	0.002628120894
CDK1	CSNK2A2	0.002617801047
CDK2	PDPK1	0.002614379085
MAPK1	PDPK1	0.002610966057
MAPK1	PDK1	0.002597402597
CAMK2D	CDK1	0.002590673575
CSNK1A1	PRKCA	0.002567394095
CDK1	CSNK2A1	0.002566295979
CAMK2G	CDK1	0.002564102564
CHEK2	MAPK8	0.002557544757
CSNK2A1	MAPK8	0.002557544757
AURKB	MAPK8	0.002538071066
ATR	CDK2	0.002528445006
MAPK1	RPS6KA1	0.002525252525
CDK2	CSNK1D	0.002466091245
ATR	MAPK1	0.002444987775
DYRK3	PRKCB	0.002439024390
MKNK1	PRKCB	0.002439024390
NEK2	PRKCB	0.002439024390
GSK3B	PRKDC	0.002437043054
CSNK2A2	PRKACA	0.002433090024
CDK2	CSNK1A1	0.002427184466
CDK6	PRKCB	0.002421307506
PRKCB	RPS6KA4	0.002421307506
PRKCB	STK4	0.002421307506
CSNK2A2	TBK1	0.002415458937
PIM2	PRKACA	0.002415458937
PIM3	PRKACA	0.002415458937
PRKCB	RPS6KB2	0.002415458937
CAMK1D	CSNK2A2	0.002409638554
CAMK1G	CSNK2A2	0.002409638554
CAMK2D	PRKACA	0.002409638554
PRKACA	SIK1	0.002409638554
CSNK2A2	PIK3CA	0.002403846154
GRK6	PRKCB	0.002403846154
CDK9	CSNK2A2	0.002392344498
CSNK2A2	MAP3K2	0.002392344498
PRKACA	RPS6KB2	0.002392344498
CSNK2A2	GRK6	0.002380952381
CSNK2A2	MAP3K8	0.002380952381
ILK	PRKACA	0.002380952381
MAP3K14	PRKCB	0.002380952381
PRKACA	RAF1	0.002380952381
CDC7	CSNK2A2	0.002375296912
GRK5	PRKCB	0.002369668246
CDK1	PRKCD	0.002366863905
AKT2	CSNK2A2	0.002364066194
CDK3	CSNK2A2	0.002364066194
CSNK2A2	MAP2K2	0.002358490566
CSNK2A2	FGR	0.002352941176
PIM1	PRKACA	0.002352941176
PRKCB	PRKD1	0.002352941176
CSNK2A2	GRK5	0.002347417840
GRK1	PRKACA	0.002347417840
MAPK3	PRKCA	0.002347417840
CAMK1	CSNK2A2	0.002331002331
CAMK4	PRKCB	0.002331002331
PRKACA	PRKD1	0.002331002331
PRKCB	SGK2	0.002325581395
DAPK3	PRKACA	0.002320185615
PHKG2	PRKCB	0.002320185615
CSNK2A2	MAP3K1	0.002314814815
MTOR	PRKCB	0.002314814815
PHKG1	PRKCB	0.002314814815
CHEK1	PRKACA	0.002293577982
CSNK2A2	RPS6KA2	0.002293577982
CSNK2A1	TBK1	0.002288329519
CSNK2A1	PIK3CA	0.002277904328
CDK9	CSNK2A1	0.002267573696
PRKACA	PRKCE	0.002252252252
MARK1	PRKCB	0.002247191011
AKT2	CSNK2A1	0.002242152466
CDK2	CSNK1E	0.002234636872
CSNK2A1	FGR	0.002232142857
CSNK2A2	MAP2K1	0.002232142857
LYN	MAPK1	0.002227171492
AURKA	PRKACA	0.002212389381
CSNK2A2	STK11	0.002207505519
PRKACA	STK11	0.002207505519
CSNK2A2	GSK3A	0.002197802198
CSNK2A1	RPS6KA2	0.002178649237
PRKACA	PRKCG	0.002178649237
PDPK1	PRKCB	0.002159827214
PDK1	PRKCB	0.002150537634
PLK1	PRKCB	0.002145922747
CSNK2A2	GSK3B	0.002141327623
BTK	CSNK2A1	0.002136752137
CSNK2A1	STK11	0.002100840336
CAMK2G	CSNK2A1	0.002087682672
PRKACB	SRC	0.002083333333
CSNK2A1	PAK1	0.002053388090
ATR	PRKCB	0.002044989775
CSNK2A2	SGK1	0.002040816327
CSNK2A1	PLK1	0.002028397566
ACVR1B	RPS6KA3	0.002020202020
DAPK2	RPS6KA3	0.002016129032
MAPK1	PRKCA	0.002016129032
DYRK2	GSK3B	0.002014098691
IKBKE	RPS6KA3	0.002012072435
CCNB1	GSK3B	0.002008032129
CDK6	RPS6KA3	0.002008032129
RPS6KA3	TGFBR1	0.002008032129
GSK3B	MAPK11	0.002006018054
DAPK1	RPS6KA3	0.002004008016
GRK6	RPS6KA3	0.001996007984
MAP3K7	RPS6KA3	0.001996007984
RAF1	RPS6KA3	0.001996007984
CSNK2A1	HCK	0.001980198020
MAP3K14	RPS6KA3	0.001980198020
GRK5	RPS6KA3	0.001972386588
GSK3B	MTOR	0.001970443350
PRKD1	RPS6KA3	0.001960784314
GSK3B	RPS6KA5	0.001955034213
CDK4	RPS6KA3	0.001949317739
CSNK2A1	SGK1	0.001949317739
CHUK	RPS6KA3	0.001945525292
MAPK7	RPS6KA3	0.001945525292
PHKG2	RPS6KA3	0.001937984496
PHKG1	RPS6KA3	0.001934235977
CDK7	RPS6KA3	0.001923076923
GSK3B	PDPK1	0.001912045889
EIF2AK2	RPS6KA3	0.001908396947
CDK5	PRKCB	0.001904761905
MAPK12	RPS6KA3	0.001890359168
ADRBK1	RPS6KA3	0.001886792453
CSNK2A2	LYN	0.001876172608
CSNK1E	MAPK8	0.001872659176
RPS6KA3	STK11	0.001872659176
GSK3A	RPS6KA3	0.001865671642
MAPKAPK2	RPS6KA3	0.001851851852
CSNK2A2	PRKG1	0.001845018450
CSNK2A2	PRKACB	0.001831501832
CSNK2A1	LCK	0.001773049645
CSNK2A1	PRKG1	0.001769911504
CSNK2A1	PRKACB	0.001757469244
MAPK1	PRKDC	0.001757469244
ATM	MAPK1	0.001745200698
ATR	RPS6KA3	0.001742160279
CSNK2A2	MAPK9	0.001733102253
MAPK9	PRKACA	0.001733102253
MAPK3	PRKACA	0.001669449082
CSNK1A1	RPS6KA3	0.001647446458
ATM	GSK3B	0.001618122977
CSNK2A1	MAPK3	0.001607717042
LCK	RPS6KA3	0.001607717042
DYRK2	MAPK14	0.001582278481
MAPK14	PIM2	0.001582278481
MAPK14	PIM3	0.001582278481
MAPK14	TBK1	0.001582278481
EEF2K	MAPK14	0.001579778831
LIMK1	MAPK14	0.001579778831
BRSK1	MAPK14	0.001577287066
IKBKE	MAPK14	0.001577287066
MAPK14	MARK3	0.001577287066
MAPK14	PLK3	0.001577287066
IRAK1	MAPK14	0.001574803150
CDK9	MAPK14	0.001572327044
MAPK14	NEK6	0.001572327044
DYRK1B	MAPK14	0.001569858713
MAP2K6	MAPK14	0.001569858713
MAPK14	VRK1	0.001564945227
MAPK14	UHMK1	0.001557632399
HIPK2	MAPK14	0.001555209953
MAPK14	PIM1	0.001555209953
MAP3K1	MAPK14	0.001538461538
CHUK	MAPK14	0.001536098310
CHEK1	MAPK14	0.001529051988
MAPK14	RPS6KB1	0.001529051988
EIF2AK2	MAPK14	0.001512859304
BMX	PRKCA	0.001497005988
GRK4	PRKCA	0.001497005988
MAPK14	PKN1	0.001497005988
MKNK1	PRKCA	0.001497005988
PIM2	PRKCA	0.001497005988
PIM3	PRKCA	0.001497005988
CAMK1D	PRKCA	0.001494768311
CAMK1G	PRKCA	0.001494768311
DAPK2	PRKCA	0.001494768311
LRRK2	PRKCA	0.001494768311
PDK2	PRKCA	0.001494768311
PRKCA	RPS6KA4	0.001490312966
CHEK2	MAPK14	0.001488095238
DAPK1	PRKCA	0.001488095238
PRKCA	RPS6KB2	0.001488095238
DYRK1B	PRKCA	0.001485884101
ADRBK2	PRKCA	0.001483679525
GRK6	PRKCA	0.001483679525
PRKCA	RAF1	0.001483679525
AURKB	MAPK14	0.001481481481
MAP2K7	PRKCA	0.001479289941
CSNK1E	RPS6KA3	0.001474926254
GRK5	PRKCA	0.001470588235
CDK4	PRKCA	0.001457725948
CAMK4	PRKCA	0.001455604076
MAPK7	PRKCA	0.001455604076
MAPK14	PLK1	0.001453488372
PRKCA	PRKG2	0.001453488372
EIF2AK2	PRKCA	0.001434720230
PRKAA1	PRKCA	0.001430615165
PRKAA2	PRKCA	0.001428571429
MAPK12	PRKCA	0.001424501425
CDK2	DYRK2	0.001402524544
CDK2	PIK3CA	0.001398601399
CDK2	IRAK1	0.001396648045
CDK2	DYRK1B	0.001392757660
CDK2	HIPK2	0.001381215470
CDK2	PIM1	0.001381215470
PLK1	PRKCA	0.001381215470
CDK2	MAP3K1	0.001367989056
CDK2	CHUK	0.001366120219
CDK2	CHEK1	0.001360544218
CDK1	DYRK2	0.001353179973
CSNK2A2	MAPK1	0.001353179973
MAPK1	PRKACA	0.001353179973
CDK1	IRAK1	0.001347708895
CDK2	EIF2AK2	0.001347708895
CDK1	CDK9	0.001345895020
CDK1	MAPK11	0.001345895020
CDK1	NEK6	0.001345895020
CDK2	RPS6KA5	0.001345895020
CDK1	MAP2K6	0.001344086022
CSNK1A1	MAPK14	0.001344086022
CDK1	RAF1	0.001342281879
CDK1	MAP2K4	0.001336898396
CDK2	PKN1	0.001335113485
CDK1	HIPK2	0.001333333333
CDK1	PIM1	0.001333333333
CDK2	IKBKB	0.001333333333
AURKA	CDK2	0.001331557923
CDK1	MAP3K1	0.001321003963
CDK1	MELK	0.001319261214
MAPK8	PRKACA	0.001315789474
CDK1	RPS6KB1	0.001314060447
CDK1	CSNK1G3	0.001308900524
CDK1	CSNK1G1	0.001307189542
CDK1	CSNK1G2	0.001305483029
CSNK1D	PRKCA	0.001303780965
CDK2	PDK1	0.001302083333
CDK2	PLK1	0.001300390117
CAMK2B	CDK1	0.001295336788
CDK1	CHEK2	0.001283697047
CDK1	GSK3A	0.001282051282
CDK5	PRKCA	0.001277139208
CDK1	PAK1	0.001267427123
CDK1	RPS6KA1	0.001242236025
CDK2	PRKCD	0.001219512195
CAMK2A	CDK1	0.001196172249
CDK1	CSNK1D	0.001193317422
CDK1	PRKACB	0.001148105626
MAPK14	PRKDC	0.001148105626
CDK1	CSNK1E	0.001084598698
CDK2	PRKDC	0.001050420168
ATM	CDK2	0.001046025105
CDK1	PRKDC	0.001022494888
ATM	CDK1	0.001018329939
GSK3B	TESK1	0.001006036217
GSK3B	IRAK1	0.001003009027
CDK9	GSK3B	0.001002004008
GSK3B	NEK6	0.001002004008
DYRK1B	GSK3B	0.001001001001
GSK3B	MAP2K7	0.000998003992
GSK3B	UHMK1	0.000996015936
GSK3B	HIPK2	0.000995024876
GSK3B	PIM1	0.000995024876
GSK3B	MAP3K1	0.000988142292
CHUK	GSK3B	0.000987166831
MAPK8	PRKCA	0.000986193294
ADRBK1	GSK3B	0.000971817298
CHEK2	GSK3B	0.000967117988
CAMK2G	GSK3B	0.000965250965
GSK3B	PLK1	0.000952380952
GSK3B	RPS6KA1	0.000943396226
